ndc,drug_name,generic_name,atc_code,therapeutic_class,therapeutic_equivalence_code,therapeutic_equivalence_code,total_prescription_fills,total_drug_cost,pmpm_cost,member_count,avg_age,state,drug_interactions,clinical_efficacy,created_at,updated_at,DrugBank ID,interaction_descriptions,,,,,,,
68012-309-30,Uceris,BUDESONIDE,A07EA06,"Anti-Inflammatory Agents, Corticosteroids",AB,AB,"3,500","$150,000",$35.71,350,35,CA,Abacavir may decrease the excretion rate of Budesonide which could result in a higher serum level.,45–69% clinical improvement at 8 weeks in Crohn’s disease trials,15-01-2024,21-08-2025,DB01222,"['Abacavir may decrease the excretion rate of Budesonide which could result in a higher serum level.', 'The serum concentration of Budesonide can be increased when it is combined with Abametapir.', 'The risk or severity of adverse effects can be increased when Budesonide is combined with Abatacept.', 'The metabolism of Abemaciclib can be increased when combined with Budesonide.', 'The metabolism of Acalabrutinib can be increased when combined with Budesonide.']",,,,,,,
60505-6117-01,BUDESONIDE,BUDESONIDE,A07EA06,"Anti-Inflammatory Agents, Corticosteroids",AB,AB,"25,000","$480,000",$20.00,2000,41,CA,The serum concentration of Budesonide can be increased when it is combined with Abametapir.,Induces remission in mild-to-moderate Crohn's disease.,16-01-2024,21-08-2025,DB01222,"['Abacavir may decrease the excretion rate of Budesonide which could result in a higher serum level.', 'The serum concentration of Budesonide can be increased when it is combined with Abametapir.', 'The risk or severity of adverse effects can be increased when Budesonide is combined with Abatacept.', 'The metabolism of Abemaciclib can be increased when combined with Budesonide.', 'The metabolism of Acalabrutinib can be increased when combined with Budesonide.']",,,,,,,
73488-0001-01,TARPEYO,BUDESONIDE,A07EA06,"Anti-Inflammatory Agents, Corticosteroids",NA,NA,"1,500","$1,800,000",$1000.00,150,45,NY,The risk or severity of adverse effects can be increased when Budesonide is combined with Abatacept.,Reduces proteinuria in patients with IgA nephropathy.,17-01-2024,21-08-2025,DB01222,"['Abacavir may decrease the excretion rate of Budesonide which could result in a higher serum level.', 'The serum concentration of Budesonide can be increased when it is combined with Abametapir.', 'The risk or severity of adverse effects can be increased when Budesonide is combined with Abatacept.', 'The metabolism of Abemaciclib can be increased when combined with Budesonide.', 'The metabolism of Acalabrutinib can be increased when combined with Budesonide.']",,,,,,,
00904-0740-38,Econopred,Prednisolone,A07EA01,"Anti-Inflammatory Agents, Corticosteroids",NA,NA,"3,200","$20,000",$2.50,800,32,TX,The serum concentration of Prednisolone can be increased when it is combined with Abametapir.,Effective for ocular inflammation; intraocular pressure monitored with prolonged use,10-02-2024,21-08-2025,DB00860,"['The serum concentration of Prednisolone can be increased when it is combined with Abametapir.', 'The risk or severity of adverse effects can be increased when Prednisolone is combined with Abatacept.', 'The metabolism of Abemaciclib can be increased when combined with Prednisolone.', 'The metabolism of Acalabrutinib can be increased when combined with Prednisolone.', 'The risk or severity of hyperglycemia can be increased when Prednisolone is combined with Acarbose.']",,,,,,,
00054-4742-25,Prednisolone,Prednisolone,A07EA01,"Anti-Inflammatory Agents, Corticosteroids",AB,AB,"45,000","$63,000",$1.50,3500,52,TX,The risk or severity of adverse effects can be increased when Prednisolone is combined with Abatacept.,Potent anti-inflammatory and immunosuppressant effects.,11-02-2024,21-08-2025,DB00860,"['The serum concentration of Prednisolone can be increased when it is combined with Abametapir.', 'The risk or severity of adverse effects can be increased when Prednisolone is combined with Abatacept.', 'The metabolism of Abemaciclib can be increased when combined with Prednisolone.', 'The metabolism of Acalabrutinib can be increased when combined with Prednisolone.', 'The risk or severity of hyperglycemia can be increased when Prednisolone is combined with Acarbose.']",,,,,,,
00409-4684-01,FLUCONAZOLE,fluconazole,D01AC15,"Antifungal Agents, Azole Antifungals",AB,AB,"12,500","$120,000",$16.00,750,65,FL,"The metabolism of 1,2-Benzodiazepine can be decreased when combined with Fluconazole.",Vaginal candidiasis 55% therapeutic cure rate,01-03-2024,21-08-2025,DB00196,"['The metabolism of 1,2-Benzodiazepine can be decreased when combined with Fluconazole.', 'Fluconazole may decrease the excretion rate of Abacavir which could result in a higher serum level.', 'The serum concentration of Abemaciclib can be increased when it is combined with Fluconazole.', 'The metabolism of Abiraterone can be decreased when combined with Fluconazole.', 'The metabolism of Abrocitinib can be decreased when combined with Fluconazole.']",,,,,,,
00409-6008-06,DIFLUCAN,fluconazole,D01AC15,"Antifungal Agents, Azole Antifungals",AB,AB,"9,500","$285,000",$25.00,950,58,FL,Fluconazole may decrease the excretion rate of Abacavir which could result in a higher serum level.,Highly effective for various fungal infections.,02-03-2024,21-08-2025,DB00196,"['The metabolism of 1,2-Benzodiazepine can be decreased when combined with Fluconazole.', 'Fluconazole may decrease the excretion rate of Abacavir which could result in a higher serum level.', 'The serum concentration of Abemaciclib can be increased when it is combined with Fluconazole.', 'The metabolism of Abiraterone can be decreased when combined with Fluconazole.', 'The metabolism of Abrocitinib can be decreased when combined with Fluconazole.']",,,,,,,
00093-0904-01,Ketoconazole,Ketoconazole,D01AC08,"Antifungal Agents, Azole Antifungals",AB,AB,"18,000","$172,800",$8.00,1800,45,NY,The serum concentration of Ketoconazole can be increased when it is combined with Abametapir.,Effective treatment for fungal skin infections.,11-04-2024,21-08-2025,DB01026,"['The metabolism of 1,2-Benzodiazepine can be decreased when combined with Ketoconazole.', 'The metabolism of Abacavir can be decreased when combined with Ketoconazole.', 'The serum concentration of Ketoconazole can be increased when it is combined with Abametapir.', 'The metabolism of Abemaciclib can be decreased when combined with Ketoconazole.', 'The metabolism of Abiraterone can be decreased when combined with Ketoconazole.']",,,,,,,
21922-0025-05,Ketoderm,Ketoconazole,D01AC08,"Antifungal Agents, Azole Antifungals",NA,NA,"4,000","$65,000",$13.54,480,40,NY,The metabolism of Abemaciclib can be decreased when combined with Ketoconazole.,Clinical improvement seen early; 95% tolerated well,12-04-2024,21-08-2025,DB01026,"['The metabolism of 1,2-Benzodiazepine can be decreased when combined with Ketoconazole.', 'The metabolism of Abacavir can be decreased when combined with Ketoconazole.', 'The serum concentration of Ketoconazole can be increased when it is combined with Abametapir.', 'The metabolism of Abemaciclib can be decreased when combined with Ketoconazole.', 'The metabolism of Abiraterone can be decreased when combined with Ketoconazole.']",,,,,,,
55505-0192-33,NIZORAL,Ketoconazole,D01AC08,"Antifungal Agents, Azole Antifungals",NA,NA,"6,000","$150,000",$20.83,600,39,NY,The metabolism of Abemaciclib can be decreased when combined with Ketoconazole.,Effective for dandruff and seborrheic dermatitis.,13-04-2024,21-08-2025,DB01026,"['The metabolism of 1,2-Benzodiazepine can be decreased when combined with Ketoconazole.', 'The metabolism of Abacavir can be decreased when combined with Ketoconazole.', 'The serum concentration of Ketoconazole can be increased when it is combined with Abametapir.', 'The metabolism of Abemaciclib can be decreased when combined with Ketoconazole.', 'The metabolism of Abiraterone can be decreased when combined with Ketoconazole.']",,,,,,,
69800-0202-01,itraconazole,itraconazole,J02AC02,"Antifungal Agents, Azole Antifungals",AB,AB,"8,000","$360,000",$45.00,600,55,IL,The serum concentration of Ketoconazole can be increased when it is combined with Abametapir.,Broad-spectrum antifungal for systemic infections.,17-05-2024,21-08-2025,DB01167,"['The metabolism of 1,2-Benzodiazepine can be decreased when combined with Itraconazole.', 'The serum concentration of Itraconazole can be increased when it is combined with Abametapir.', 'The metabolism of Abemaciclib can be decreased when combined with Itraconazole.', 'The metabolism of Abiraterone can be decreased when combined with Itraconazole.', 'The metabolism of Acalabrutinib can be decreased when combined with Itraconazole.']",,,,,,,
51862-462-60,Tolsura,itraconazole,J02AC02,"Antifungal Agents, Azole Antifungals",NA,NA,"3,000","$250,000",$83.33,250,30,IL,The serum concentration of Itraconazole can be increased when it is combined with Abametapir.,Systemic fungal infections 63% clinical response rate,18-05-2024,21-08-2025,DB01167,"['The metabolism of 1,2-Benzodiazepine can be decreased when combined with Itraconazole.', 'The serum concentration of Itraconazole can be increased when it is combined with Abametapir.', 'The metabolism of Abemaciclib can be decreased when combined with Itraconazole.', 'The metabolism of Abiraterone can be decreased when combined with Itraconazole.', 'The metabolism of Acalabrutinib can be decreased when combined with Itraconazole.']",,,,,,,
66435-302-01,AMPHOTEC,Amphotericin B,A07AA07,"Lipid-based Polyene Antifungal, Polyene Antifungal",NA,NA,"2,500","$400,000",$100.00,300,51,PA,Amphotericin B may decrease the excretion rate of Abacavir which could result in a higher serum level.,Lower nephrotoxicity than conventional formulations.,02-06-2024,21-08-2025,DB00681,"['Amphotericin B may decrease the excretion rate of Abacavir which could result in a higher serum level.', 'The risk or severity of adverse effects can be increased when Amphotericin B is combined with Abaloparatide.', 'The risk or severity of adverse effects can be increased when Amphotericin B is combined with Acebutolol.', 'The risk or severity of nephrotoxicity can be increased when Amphotericin B is combined with Aceclofenac.', 'The risk or severity of nephrotoxicity can be increased when Amphotericin B is combined with Acemetacin.']",,,,,,,
00093-2957-01,Amphotericin B,Amphotericin B,A07AA07,"Lipid-based Polyene Antifungal, Polyene Antifungal",AB,AB,"4,500","$270,000",$40.00,550,49,PA,The risk or severity of adverse effects can be increased when Amphotericin B is combined with Abaloparatide.,Effective for severe systemic fungal infections.,01-06-2024,21-08-2025,DB00681,"['Amphotericin B may decrease the excretion rate of Abacavir which could result in a higher serum level.', 'The risk or severity of adverse effects can be increased when Amphotericin B is combined with Abaloparatide.', 'The risk or severity of adverse effects can be increased when Amphotericin B is combined with Acebutolol.', 'The risk or severity of nephrotoxicity can be increased when Amphotericin B is combined with Aceclofenac.', 'The risk or severity of nephrotoxicity can be increased when Amphotericin B is combined with Acemetacin.']",,,,,,,
00469-3051-30,AMBISOME,Amphotericin B,A07AA07,"Lipid-based Polyene Antifungal, Polyene Antifungal",AB,AB,"3,900","$310,000",$51.67,500,39,PA,The risk or severity of nephrotoxicity can be increased when Amphotericin B is combined with Aceclofenac.,Empirical febrile neutropenia 49.9% success rate,03-06-2024,21-08-2025,DB00681,"['Amphotericin B may decrease the excretion rate of Abacavir which could result in a higher serum level.', 'The risk or severity of adverse effects can be increased when Amphotericin B is combined with Abaloparatide.', 'The risk or severity of adverse effects can be increased when Amphotericin B is combined with Acebutolol.', 'The risk or severity of nephrotoxicity can be increased when Amphotericin B is combined with Aceclofenac.', 'The risk or severity of nephrotoxicity can be increased when Amphotericin B is combined with Acemetacin.']",,,,,,,
52015-080-01,Dificid,Fidaxomicin,A07AA12,Macrolide Antibacterial,NA,NA,"1,200","$150,000",$83.33,150,66,OH,The risk or severity of bleeding can be increased when Fidaxomicin is combined with Acenocoumarol.,Reduces C. difficile infection recurrence.,23-07-2024,21-08-2025,DB08874,"['The risk or severity of bleeding can be increased when Fidaxomicin is combined with Acenocoumarol.', 'The risk or severity of methemoglobinemia can be increased when Fidaxomicin is combined with Ambroxol.', 'The risk or severity of methemoglobinemia can be increased when Fidaxomicin is combined with Articaine.', 'The therapeutic efficacy of BCG vaccine can be decreased when used in combination with Fidaxomicin.', 'The risk or severity of methemoglobinemia can be increased when Fidaxomicin is combined with Benzocaine.']",,,,,,,
52015-080-01,FIDAXOMICIN,Fidaxomicin,A07AA12,Macrolide Antibacterial,AB,AB,"3,200","$288,000",$50.00,480,61,OH,The risk or severity of methemoglobinemia can be increased when Fidaxomicin is combined with Ambroxol.,Non-inferior to vancomycin for C. diff treatment.,24-07-2024,21-08-2025,DB08874,"['The risk or severity of bleeding can be increased when Fidaxomicin is combined with Acenocoumarol.', 'The risk or severity of methemoglobinemia can be increased when Fidaxomicin is combined with Ambroxol.', 'The risk or severity of methemoglobinemia can be increased when Fidaxomicin is combined with Articaine.', 'The therapeutic efficacy of BCG vaccine can be decreased when used in combination with Fidaxomicin.', 'The risk or severity of methemoglobinemia can be increased when Fidaxomicin is combined with Benzocaine.']",,,,,,,
00093-0754-01,IBUPROFEN,IBUPROFEN,N02AJ23,"Anti-Inflammatory Agents, Non-Steroidal",AB,AB,"34,00,000","$8,500,000",$0.05,"1,40,00,000",34,GA,Ibuprofen may decrease the excretion rate of Abacavir which could result in a higher serum level.,Temporary relief of minor aches and pains,15-08-2024,21-08-2025,DB01050,"['Ibuprofen may decrease the excretion rate of Abacavir which could result in a higher serum level.', 'The serum concentration of Ibuprofen can be increased when it is combined with Abametapir.', 'The metabolism of Ibuprofen can be increased when combined with Abatacept.', 'The risk or severity of bleeding can be increased when Ibuprofen is combined with Abciximab.', 'The metabolism of Ibuprofen can be decreased when combined with Abiraterone.']",,,,,,,
0573-0169-40,ADVIL LIQUI-GELS,IBUPROFEN,N02AJ23,"Anti-Inflammatory Agents, Non-Steroidal",NA,NA,"12,00,000","$4,500,000",$0.08,"45,00,000",38,GA,he serum concentration of Ibuprofen can be increased when it is combined with Abametapir.,Faster pain relief due to liquid formulation.,16-08-2024,21-08-2025,DB01050,"['Ibuprofen may decrease the excretion rate of Abacavir which could result in a higher serum level.', 'The serum concentration of Ibuprofen can be increased when it is combined with Abametapir.', 'The metabolism of Ibuprofen can be increased when combined with Abatacept.', 'The risk or severity of bleeding can be increased when Ibuprofen is combined with Abciximab.', 'The metabolism of Ibuprofen can be decreased when combined with Abiraterone.']",,,,,,,
00049-4960-30,ZOLOFT,SERTRALINE,N06AB06,"Antidepressive Agents, Selective Serotonin Reuptake Inhibitors, Serotonin Modulators",AB,AB,"4,000","$180,000",$30.00,500,40,WA,The risk or severity of bleeding can be increased when Sertraline is combined with Abciximab.,MDD response 88% end-of-treatment rate,20-10-2024,21-08-2025,DB01104,"['The risk or severity of adverse effects can be increased when 1,2-Benzodiazepine is combined with Sertraline.', 'The serum concentration of Sertraline can be increased when it is combined with Abametapir.', 'The metabolism of Sertraline can be increased when combined with Abatacept.', 'The risk or severity of bleeding can be increased when Sertraline is combined with Abciximab.', 'The metabolism of Sertraline can be decreased when combined with Abiraterone.']",,,,,,,
00093-0744-05,SERTRALINE HYDROCHLORIDE,SERTRALINE,N06AB06,"Antidepressive Agents, Selective Serotonin Reuptake Inhibitors, Serotonin Modulators",AB,AB,"55,000","$1,155,000",$15.00,4500,42,WA,The metabolism of Sertraline can be decreased when combined with Abiraterone.,"Effective for depression, anxiety, and OCD.",21-10-2024,21-08-2025,DB01104,"['The risk or severity of adverse effects can be increased when 1,2-Benzodiazepine is combined with Sertraline.', 'The serum concentration of Sertraline can be increased when it is combined with Abametapir.', 'The metabolism of Sertraline can be increased when combined with Abatacept.', 'The risk or severity of bleeding can be increased when Sertraline is combined with Abciximab.', 'The metabolism of Sertraline can be decreased when combined with Abiraterone.']",,,,,,,
49702-221-18,ZIAGEN,"
Abacavir",J04AR13,"Human Immunodeficiency Virus Nucleoside Analog Reverse Transcriptase Inhibitor , Nucleoside and Nucleotide Reverse Transcriptase Inhibitors",AA,AA,"4,500","$540,000",$80.00,550,41,FL,Aceclofenac may decrease the excretion rate of Abacavir which could result in a higher serum level.,Key component of antiretroviral therapy (ART).,01-11-2024,21-08-2025,DB01048,"['Aceclofenac may decrease the excretion rate of Abacavir which could result in a higher serum level.', 'Acemetacin may decrease the excretion rate of Abacavir which could result in a higher serum level.', 'Acetaminophen may decrease the excretion rate of Abacavir which could result in a higher serum level.', 'Acetazolamide may increase the excretion rate of Abacavir which could result in a lower serum level and potentially a reduction in efficacy.', 'Acetylsalicylic acid may decrease the excretion rate of Abacavir which could result in a higher serum level.']",,,,,,,
49702-221-18,"
Abacavir sulfate","
Abacavir",J04AR13,"Human Immunodeficiency Virus Nucleoside Analog Reverse Transcriptase Inhibitor , Nucleoside and Nucleotide Reverse Transcriptase Inhibitors",AB,AB,"8,000","$672,000",$50.00,1120,39,FL,Acemetacin may decrease the excretion rate of Abacavir which could result in a higher serum level.,Genotypically equivalent antiretroviral agent.,02-11-2024,21-08-2025,DB01048,"['Aceclofenac may decrease the excretion rate of Abacavir which could result in a higher serum level.', 'Acemetacin may decrease the excretion rate of Abacavir which could result in a higher serum level.', 'Acetaminophen may decrease the excretion rate of Abacavir which could result in a higher serum level.', 'Acetazolamide may increase the excretion rate of Abacavir which could result in a lower serum level and potentially a reduction in efficacy.', 'Acetylsalicylic acid may decrease the excretion rate of Abacavir which could result in a higher serum level.']",,,,,,,
43598-921-11,Xegylz,Abametapir,P03AX07,Pediculicides,NA,NA,500,"$25,000",$8.33,250,33,CA,"The serum concentration of 1,2-Benzodiazepine can be increased when it is combined with Abametapir.",Single-application treatment for head lice.,03-11-2024,21-08-2025,DB11932,"['The serum concentration of 1,2-Benzodiazepine can be increased when it is combined with Abametapir.', 'The serum concentration of Abemaciclib can be increased when it is combined with Abametapir.', 'The serum concentration of Abiraterone can be increased when it is combined with Abametapir.', 'The serum concentration of Acalabrutinib can be increased when it is combined with Abametapir.', 'The serum concentration of Acenocoumarol can be increased when it is combined with Abametapir.']",,,,,,,
45146-120-02,Orabloc,articaine,N01BB58,Local Anesthetics,NA,NA,"15,000","$105,000",$1.00,8750,46,NV,"The risk or severity of CNS depression can be increased when Articaine is combined with 1,2-Benzodiazepine.",Rapid onset dental and local anesthetic.,04-11-2024,21-08-2025,DB09009,"['The risk or severity of CNS depression can be increased when Articaine is combined with 1,2-Benzodiazepine.', 'The risk or severity of methemoglobinemia can be increased when Abemaciclib is combined with Articaine.', 'The risk or severity of methemoglobinemia can be increased when Abiraterone is combined with Articaine.', 'The therapeutic efficacy of Acarbose can be decreased when used in combination with Articaine.', 'The risk or severity of methemoglobinemia can be increased when Acetaminophen is combined with Articaine.']",,,,,,,
00002-4006-30,Prozac,FLUOXETINE,N06CA03,Antidepressive Agents Indicated for Depression,AB1,AB2,"6,500","$250,000",$26.04,800,65,MI,he serum concentration of Fluoxetine can be increased when it is combined with Abametapir.,Significantly better than placebo on HAM-D,05-11-2024,21-08-2025,DB00472,"['The serum concentration of 1,2-Benzodiazepine can be increased when it is combined with Fluoxetine.', 'The serum concentration of Fluoxetine can be increased when it is combined with Abametapir.', 'The metabolism of Fluoxetine can be increased when combined with Abatacept.', 'The risk or severity of hemorrhage can be increased when Fluoxetine is combined with Abciximab.', 'The metabolism of Abemaciclib can be decreased when combined with Fluoxetine.']",,,,,,,
61442-112-05,ACYCLOVIR,ACYCLOVIR,D06BB03,"Herpes Simplex Virus Nucleoside Analog DNA Polymerase Inhibitor , Herpes Zoster Virus Nucleoside Analog DNA Polymerase Inhibitor ,Herpesvirus Nucleoside Analog DNA Polymerase Inhibitor, Nucleosides and Nucleotides",AB,AB,"3,700","$35,000",$2.92,"1,000",37,VA,Acyclovir may decrease the excretion rate of Abacavir which could result in a higher serum level.,Significantly reduces lesion healing duration,11-12-2024,21-08-2025,DB00787,"['Acyclovir may decrease the excretion rate of Abacavir which could result in a higher serum level.', 'The serum concentration of Acyclovir can be increased when it is combined with Abametapir.', 'The metabolism of Acyclovir can be increased when combined with Abatacept.', 'The excretion of Abemaciclib can be decreased when combined with Acyclovir.', 'The serum concentration of Acyclovir can be increased when it is combined with Abiraterone.']",,,,,,,
00187-0994-45,ZOVIRAX,ACYCLOVIR,,"Herpes Simplex Virus Nucleoside Analog DNA Polymerase Inhibitor , Herpes Zoster Virus Nucleoside Analog DNA Polymerase Inhibitor ,Herpesvirus Nucleoside Analog DNA Polymerase Inhibitor, Nucleosides and Nucleotides",NA,NA,"2,500","$50,000",$5.00,800,35,VA,The serum concentration of Acyclovir can be increased when it is combined with Abametapir.,Effective for treating herpes labialis (cold sores).,12-12-2024,21-08-2025,DB00787,"['Acyclovir may decrease the excretion rate of Abacavir which could result in a higher serum level.', 'The serum concentration of Acyclovir can be increased when it is combined with Abametapir.', 'The metabolism of Acyclovir can be increased when combined with Abatacept.', 'The excretion of Abemaciclib can be decreased when combined with Acyclovir.', 'The serum concentration of Acyclovir can be increased when it is combined with Abiraterone.']",,,,,,,
00004-0800-85,OSELTAMIVIR PHOSPHATE,OSELTAMIVIR,J05AH02,Neuraminidase Inhibitors,AB,AB,"3,400","$150,000",$15.63,800,34,MD,Aceclofenac may decrease the excretion rate of Oseltamivir which could result in a higher serum level.,Reduces median symptom duration by 1.3 days,08-01-2025,21-08-2025,DB00198,"['Oseltamivir may decrease the excretion rate of Abacavir which could result in a higher serum level.', 'Aceclofenac may decrease the excretion rate of Oseltamivir which could result in a higher serum level.', 'Acemetacin may decrease the excretion rate of Oseltamivir which could result in a higher serum level.', 'Oseltamivir may decrease the excretion rate of Acetaminophen which could result in a higher serum level.', 'Acetazolamide may increase the excretion rate of Oseltamivir which could result in a lower serum level and potentially a reduction in efficacy.']",,,,,,,
00009-0470-02,Tolinase,Tolazamide,A10BB05,Blood Glucose Lowering Agents,NA,NA,"5,200","$60,000",$6.00,"1,000",52,NC,The risk or severity of hypoglycemia can be increased when Acarbose is combined with Tolazamide.',Lowers HbA₁c by approximately 1–2%,14-02-2025,21-08-2025,DB00839,"['Tolazamide may decrease the excretion rate of Abacavir which could result in a higher serum level.', 'The metabolism of Tolazamide can be increased when combined with Abatacept.', 'The metabolism of Abrocitinib can be decreased when combined with Tolazamide.', 'The risk or severity of hypoglycemia can be increased when Acarbose is combined with Tolazamide.', 'The therapeutic efficacy of Tolazamide can be increased when used in combination with Acebutolol.']",,,,,,,
00009-0470-02,Tolazamide,Tolazamide,A10BB05,Blood Glucose Lowering Agents,NA,NA,"8,000","$67,200",$4.00,"1,400",55,NC,The therapeutic efficacy of Tolazamide can be increased when used in combination with Acebutolol.,Second-generation sulfonylurea for type 2 diabetes.,15-02-2025,21-08-2025,DB00839,"['Tolazamide may decrease the excretion rate of Abacavir which could result in a higher serum level.', 'The metabolism of Tolazamide can be increased when combined with Abatacept.', 'The metabolism of Abrocitinib can be decreased when combined with Tolazamide.', 'The risk or severity of hypoglycemia can be increased when Acarbose is combined with Tolazamide.', 'The therapeutic efficacy of Tolazamide can be increased when used in combination with Acebutolol.']",,,,,,,
00093-0857-01,Glipizide,Glipizide,A10BB07,Blood Glucose Lowering Agents,AB,AB,"5,900","$85,000",$7.08,"1,000",59,GA,Abacavir may decrease the excretion rate of Glipizide which could result in a higher serum level.,Improves glycemic control in type 2,25-03-2025,21-08-2025,DB01067,"['Abacavir may decrease the excretion rate of Glipizide which could result in a higher serum level.', 'The metabolism of Glipizide can be increased when combined with Abatacept.', 'The metabolism of Abrocitinib can be decreased when combined with Glipizide.', 'The risk or severity of hypoglycemia can be increased when Acarbose is combined with Glipizide.', 'The therapeutic efficacy of Glipizide can be increased when used in combination with Acebutolol.']",,,,,,,
00093-0212-01,Glipizide XL,Glipizide,A10BB07,Blood Glucose Lowering Agents,AB,AB,"8,500","$102,000",$6.00,"1,400",61,GA,The therapeutic efficacy of Glipizide can be increased when used in combination with Acebutolol.,Extended-release formulation for daily dosing.,26-03-2025,21-08-2025,DB01067,"['Abacavir may decrease the excretion rate of Glipizide which could result in a higher serum level.', 'The metabolism of Glipizide can be increased when combined with Abatacept.', 'The metabolism of Abrocitinib can be decreased when combined with Glipizide.', 'The risk or severity of hypoglycemia can be increased when Acarbose is combined with Glipizide.', 'The therapeutic efficacy of Glipizide can be increased when used in combination with Acebutolol.']",,,,,,,
00009-0171-12,METAGLIP,Glipizide,A10BB07,Blood Glucose Lowering Agents,NA,NA,"2,200","$45,000",$15.00,250,60,GA,The risk or severity of hypoglycemia can be increased when Acarbose is combined with Glipizide.,Combination of glipizide and metformin.,27-03-2025,21-08-2025,DB01067,"['Abacavir may decrease the excretion rate of Glipizide which could result in a higher serum level.', 'The metabolism of Glipizide can be increased when combined with Abatacept.', 'The metabolism of Abrocitinib can be decreased when combined with Glipizide.', 'The risk or severity of hypoglycemia can be increased when Acarbose is combined with Glipizide.', 'The therapeutic efficacy of Glipizide can be increased when used in combination with Acebutolol.']",,,,,,,
00054-4297-31,Lasix,Furosemide,C03EB01,"Diuretics, Antihypertensive Agents Indicated for Hypertension, Sodium Potassium Chloride Symporter Inhibitors",AB,AB,"5,600","$30,000",$5.00,500,56,FL,The risk or severity of adverse effects can be increased when Furosemide is combined with Abaloparatide.,Rapidly reduces edema and lowers BP,01-04-2025,21-08-2025,DB00695,"['Furosemide may decrease the excretion rate of Abacavir which could result in a higher serum level.', 'The risk or severity of adverse effects can be increased when Furosemide is combined with Abaloparatide.', 'The excretion of Acamprosate can be decreased when combined with Furosemide.', 'The therapeutic efficacy of Acarbose can be decreased when used in combination with Furosemide.', 'Furosemide may increase the hypotensive activities of Acebutolol.']",,,,,,,
00591-5533-01,Furosemide,Furosemide,C03EB01,"Diuretics, Antihypertensive Agents Indicated for Hypertension, Sodium Potassium Chloride Symporter Inhibitors",AP,AP,"85,000","$153,000",$1.50,8500,68,FL,The excretion of Acamprosate can be decreased when combined with Furosemide.,Potent loop diuretic for edema and hypertension.,02-04-2025,21-08-2025,DB00695,"['Furosemide may decrease the excretion rate of Abacavir which could result in a higher serum level.', 'The risk or severity of adverse effects can be increased when Furosemide is combined with Abaloparatide.', 'The excretion of Acamprosate can be decreased when combined with Furosemide.', 'The therapeutic efficacy of Acarbose can be decreased when used in combination with Furosemide.', 'Furosemide may increase the hypotensive activities of Acebutolol.']",,,,,,,
65597-114-30,TRIBENZOR,Hydrochlorothiazide,C09XA54,"Diuretics, Antihypertensive Agents Indicated for Hypertension, Sodium Potassium Chloride Symporter Inhibitors",AB,AB,"7,500","$90,000",$8.00,930,64,TX,The excretion of Acamprosate can be decreased when combined with Hydrochlorothiazide.,Combination therapy for hypertension.,14-05-2025,21-08-2025,DB00999,"['Hydrochlorothiazide may decrease the excretion rate of Abacavir which could result in a higher serum level.', 'The risk or severity of adverse effects can be increased when Hydrochlorothiazide is combined with Abaloparatide.', 'The therapeutic efficacy of Abciximab can be decreased when used in combination with Hydrochlorothiazide.', 'The excretion of Acamprosate can be decreased when combined with Hydrochlorothiazide.', 'The therapeutic efficacy of Acarbose can be decreased when used in combination with Hydrochlorothiazide.']",,,,,,,
0071-0222-23,Accuretic,Hydrochlorothiazide,C09XA54,"Diuretics, Antihypertensive Agents Indicated for Hypertension, Sodium Chloride Symporter Inhibitors",NA,NA,"6,200","$75,000",$8.33,750,62,TX,Hydrochlorothiazide may decrease the excretion rate of Abacavir which could result in a higher serum level.,Significantly lowers blood pressure versus placebo,15-05-2025,21-08-2025,DB00999,"['Hydrochlorothiazide may decrease the excretion rate of Abacavir which could result in a higher serum level.', 'The risk or severity of adverse effects can be increased when Hydrochlorothiazide is combined with Abaloparatide.', 'The therapeutic efficacy of Abciximab can be decreased when used in combination with Hydrochlorothiazide.', 'The excretion of Acamprosate can be decreased when combined with Hydrochlorothiazide.', 'The therapeutic efficacy of Acarbose can be decreased when used in combination with Hydrochlorothiazide.']",,,,,,,
75987-020-01,Rayos,Prednisone,A07EA03,"Anti-Inflammatory Agents, Corticosteroids",NA,NA,"5,500","$90,000",$15.00,500,55,CA,The risk or severity of gastrointestinal irritation can be increased when Prednisone is combined with Aceclofenac.,Rapidly suppresses inflammation and immune responses,05-06-2025,21-08-2025,DB00635,"['Prednisone may decrease the excretion rate of Abacavir which could result in a higher serum level.', 'The serum concentration of Prednisone can be increased when it is combined with Abametapir.', 'The risk or severity of adverse effects can be increased when Prednisone is combined with Abatacept.', 'The risk or severity of hyperglycemia can be increased when Prednisone is combined with Acarbose.', 'The risk or severity of gastrointestinal irritation can be increased when Prednisone is combined with Aceclofenac.']",,,,,,,
0054-0018-25,Prednisone,Prednisone,A07EA03,"Anti-Inflammatory Agents, Corticosteroids",AB,AB,"65,000","$234,000",$3.00,6500,58,CA,he risk or severity of gastrointestinal irritation can be increased when Prednisone is combined with Aceclofenac.,Widely used for various inflammatory conditions.,06-06-2025,21-08-2025,DB00635,"['Prednisone may decrease the excretion rate of Abacavir which could result in a higher serum level.', 'The serum concentration of Prednisone can be increased when it is combined with Abametapir.', 'The risk or severity of adverse effects can be increased when Prednisone is combined with Abatacept.', 'The risk or severity of hyperglycemia can be increased when Prednisone is combined with Acarbose.', 'The risk or severity of gastrointestinal irritation can be increased when Prednisone is combined with Aceclofenac.']",,,,,,,
0054-0018-25,Prednisone,Prednisone,A07EA03,"Anti-Inflammatory Agents, Corticosteroids",BX,BX,"15,000","$60,000",$3.33,1500,57,CA,The serum concentration of Prednisone can be increased when it is combined with Abametapir.,Data insufficient to determine bioequivalence.,07-06-2025,21-08-2025,DB00635,"['Prednisone may decrease the excretion rate of Abacavir which could result in a higher serum level.', 'The serum concentration of Prednisone can be increased when it is combined with Abametapir.', 'The risk or severity of adverse effects can be increased when Prednisone is combined with Abatacept.', 'The risk or severity of hyperglycemia can be increased when Prednisone is combined with Acarbose.', 'The risk or severity of gastrointestinal irritation can be increased when Prednisone is combined with Aceclofenac.']",,,,,,,
0316-0126-01,Ala-cort,Hydrocortisone,A07EA02,"Anti-Inflammatory Agents, Corticosteroids",AT,AT,"3,200","$40,000",$6.67,500,32,NY,The metabolism of Abemaciclib can be increased when combined with Hydrocortisone.,Restores cortisol levels and prevents adrenal crises,28-07-2025,21-08-2025,DB00741,"['The serum concentration of Hydrocortisone can be increased when it is combined with Abametapir.', 'The metabolism of Hydrocortisone can be increased when combined with Abatacept.', 'The metabolism of Abemaciclib can be increased when combined with Hydrocortisone.', 'The metabolism of Acalabrutinib can be increased when combined with Hydrocortisone.', 'The risk or severity of hyperglycemia can be increased when Hydrocortisone is combined with Acarbose.']",,,,,,,
41167-1001-04,CLARITIN,LORATADINE,R06AX13,"Histamine H1 Antagonists, Non-Sedating",NA,NA,"4,400","$15,000",$0.25,"5,000",44,VA,The risk or severity of QTc prolongation can be increased when Loratadine is combined with Adenosine.,Once-daily loratadine 10 mg is superior to placebo for relieving seasonal allergic rhinitis symptoms .,01-08-2025,21-08-2025,DB00455,"['The serum concentration of Loratadine can be increased when it is combined with Abametapir.', 'Aclidinium may increase the anticholinergic activities of Loratadine.', 'The risk or severity of QTc prolongation can be increased when Loratadine is combined with Acrivastine.', 'The risk or severity of QTc prolongation can be increased when Loratadine is combined with Adenosine.', 'The risk or severity of QTc prolongation can be increased when Loratadine is combined with Ajmaline.']",,,,,,,
0085-1264-01,CLARINEX,LORATADINE,R06AX13,"Histamine H1 Antagonists, Non-Sedating",AB,AB,"6,000","$25,000",$0.70,"3,000",41,VA,The risk or severity of QTc prolongation can be increased when Loratadine is combined with Ajmaline.,Active metabolite of loratadine for allergies.,02-08-2025,21-08-2025,DB00455,"['The serum concentration of Loratadine can be increased when it is combined with Abametapir.', 'Aclidinium may increase the anticholinergic activities of Loratadine.', 'The risk or severity of QTc prolongation can be increased when Loratadine is combined with Acrivastine.', 'The risk or severity of QTc prolongation can be increased when Loratadine is combined with Adenosine.', 'The risk or severity of QTc prolongation can be increased when Loratadine is combined with Ajmaline.']",,,,,,,
50580-226-52,Benadryl,Diphenhydramine,D04AA33,Histamine H1 Antagonists,NA,NA,"4,700","$22,000",$0.50,"3,600",47,MI,"The risk or severity of CNS depression can be increased when Diphenhydramine is combined with 1,2-Benzodiazepine.",Allergy relief; motion sickness; some sleep aid,05-08-2025,21-08-2025,DB01075,"['The risk or severity of CNS depression can be increased when Diphenhydramine is combined with 1,2-Benzodiazepine.', 'The metabolism of Diphenhydramine can be increased when combined with Abatacept.', 'The risk or severity of methemoglobinemia can be increased when Abemaciclib is combined with Diphenhydramine.', 'The metabolism of Diphenhydramine can be decreased when combined with Abiraterone.', 'The metabolism of Abrocitinib can be decreased when combined with Diphenhydramine.']",,,,,,,
00904-5306-60,Diphenhydramine,Diphenhydramine,D04AA33,Histamine H1 Antagonists,NA,NA,"85,000","$170,000",$0.17,"85,000",50,MI,The metabolism of Diphenhydramine can be increased when combined with Abatacept.,Commonly used OTC antihistamine and sleep aid.,06-08-2025,21-08-2025,DB01075,"['The risk or severity of CNS depression can be increased when Diphenhydramine is combined with 1,2-Benzodiazepine.', 'The metabolism of Diphenhydramine can be increased when combined with Abatacept.', 'The risk or severity of methemoglobinemia can be increased when Abemaciclib is combined with Diphenhydramine.', 'The metabolism of Diphenhydramine can be decreased when combined with Abiraterone.', 'The metabolism of Abrocitinib can be decreased when combined with Diphenhydramine.']",,,,,,,
00093-7267-01,METFORMIN HYDROCHLORIDE,Metformin,A10BD28,Biguanides,AB1,AB2,"6,300","$120,000",$1.59,"6,300",63,TX,The therapeutic efficacy of Metformin can be increased when used in combination with Acebutolol,diabetes prevention; lowers insulin dose; weight neutral or loss,07-08-2025,21-08-2025,DB00331,"['Metformin may decrease the excretion rate of Abacavir which could result in a higher serum level.', 'The excretion of Abemaciclib can be decreased when combined with Metformin.', 'The serum concentration of Metformin can be decreased when it is combined with Acarbose.', 'The therapeutic efficacy of Metformin can be increased when used in combination with Acebutolol.', 'Aceclofenac may decrease the excretion rate of Metformin which could result in a higher serum level.']",,,,,,,
68012-004-01,GLUMETZA,Metformin,A10BD28,Biguanides,AB3,AB4,"3,500","$95,000",$4.50,"1,800",61,TX,Aceclofenac may decrease the excretion rate of Metformin which could result in a higher serum level.,Extended-release metformin with improved GI tolerability.,06-08-2025,21-08-2025,DB00331,"['Metformin may decrease the excretion rate of Abacavir which could result in a higher serum level.', 'The excretion of Abemaciclib can be decreased when combined with Metformin.', 'The serum concentration of Metformin can be decreased when it is combined with Acarbose.', 'The therapeutic efficacy of Metformin can be increased when used in combination with Acebutolol.', 'Aceclofenac may decrease the excretion rate of Metformin which could result in a higher serum level.']",,,,,,,
00078-0503-61,Duetact,Glimepiride,A10BD04,"Blood Glucose Lowering Agents, Sulfonylureas",AB,AB,"4,600","$95,000",$13.84,550,46,PA,The metabolism of Abrocitinib can be decreased when combined with Glimepiride.,fasting and post-prandial glucose reductions,08-08-2025,21-08-2025,DB00222,"['The metabolism of Glimepiride can be increased when combined with Abatacept.', 'The metabolism of Abrocitinib can be decreased when combined with Glimepiride.', 'The risk or severity of hypoglycemia can be increased when Glimepiride is combined with Acarbose.', 'The therapeutic efficacy of Glimepiride can be increased when used in combination with Acebutolol.', 'The protein binding of Glimepiride can be decreased when combined with Aceclofenac.']",,,,,,,
0083-0005-01,Jantoven,Warfarin,B01AA03,"Anticoagulants, Coumarins, Vitamin K Antagonists",AB,AB,"3,400","$15,000",$0.78,"1,600",48,PA,Abacavir may decrease the excretion rate of Warfarin which could result in a higher serum level.,reduces stroke/embolism; effective long-term anticoagulation,09-08-2025,21-08-2025,DB00682,"['Abacavir may decrease the excretion rate of Warfarin which could result in a higher serum level.', 'The serum concentration of Warfarin can be increased when it is combined with Abametapir.', 'The metabolism of Warfarin can be increased when combined with Abatacept.', 'The risk or severity of bleeding can be increased when Abciximab is combined with Warfarin.', 'The metabolism of Abemaciclib can be increased when combined with Warfarin.']",,,,,,,
00093-1172-01,Warfarin,Warfarin,B01AA03,"Anticoagulants, Coumarins, Vitamin K Antagonists",AB,AB,"45,000","$162,000",$0.30,"45,000",68,PA,The metabolism of Warfarin can be increased when combined with Abatacept.,Prevents and treats thromboembolic events.,08-08-2025,21-08-2025,DB00682,"['Abacavir may decrease the excretion rate of Warfarin which could result in a higher serum level.', 'The serum concentration of Warfarin can be increased when it is combined with Abametapir.', 'The metabolism of Warfarin can be increased when combined with Abatacept.', 'The risk or severity of bleeding can be increased when Abciximab is combined with Warfarin.', 'The metabolism of Abemaciclib can be increased when combined with Warfarin.']",,,,,,,
00056-0172-70,Coumadin,Warfarin,B01AA03,"Anticoagulants, Coumarins, Vitamin K Antagonists",NA,NA,"12,000","$180,000",$1.25,"12,000",69,PA,The metabolism of Abemaciclib can be increased when combined with Warfarin.',Original brand of warfarin for anticoagulation.,08-08-2025,21-08-2025,DB00682,"['Abacavir may decrease the excretion rate of Warfarin which could result in a higher serum level.', 'The serum concentration of Warfarin can be increased when it is combined with Abametapir.', 'The metabolism of Warfarin can be increased when combined with Abatacept.', 'The risk or severity of bleeding can be increased when Abciximab is combined with Warfarin.', 'The metabolism of Abemaciclib can be increased when combined with Warfarin.']",,,,,,,
00003-0894-21,APIXABAN,Apixaban,B01AF02,"Anticoagulants, Direct factor Xa inhibitors, Factor Xa Inhibitors",AB,AB,"6,900","$350,000",$41.67,700,69,IL,he metabolism of Apixaban can be increased when combined with Abatacept.,"Reduces stroke risk by 21% vs warfarin, 60% lower major bleeding risk in AF trials",10-08-2025,21-08-2025,DB06605,"['The serum concentration of Apixaban can be increased when it is combined with Abametapir.', 'The metabolism of Apixaban can be increased when combined with Abatacept.', 'Apixaban may increase the anticoagulant activities of Abciximab.', 'Abemaciclib may decrease the excretion rate of Apixaban which could result in a higher serum level.', 'The metabolism of Apixaban can be decreased when combined with Abiraterone.']",,,,,,,
00003-0894-21,Eliquis,Apixaban,B01AF02,"Anticoagulants, Direct factor Xa inhibitors, Factor Xa Inhibitors",AB,AB,"25,000","$2,520,000",$70.00,3000,68,IL,The metabolism of Apixaban can be decreased when combined with Abiraterone.,Prevents stroke in nonvalvular atrial fibrillation.,09-08-2025,21-08-2025,DB06605,"['The serum concentration of Apixaban can be increased when it is combined with Abametapir.', 'The metabolism of Apixaban can be increased when combined with Abatacept.', 'Apixaban may increase the anticoagulant activities of Abciximab.', 'Abemaciclib may decrease the excretion rate of Apixaban which could result in a higher serum level.', 'The metabolism of Apixaban can be decreased when combined with Abiraterone.']",,,,,,,
0003-0894,Eliquis sprinkle,Apixaban,B01AF02,"Anticoagulants, Direct factor Xa inhibitors, Factor Xa Inhibitors",NA,NA,"1,500","$135,000",$60.00,180,65,IL,Apixaban may increase the anticoagulant activities of Abciximab.,Alternative administration for patients with dysphagia.,09-08-2025,21-08-2025,DB06605,"['The serum concentration of Apixaban can be increased when it is combined with Abametapir.', 'The metabolism of Apixaban can be increased when combined with Abatacept.', 'Apixaban may increase the anticoagulant activities of Abciximab.', 'Abemaciclib may decrease the excretion rate of Apixaban which could result in a higher serum level.', 'The metabolism of Apixaban can be decreased when combined with Abiraterone.']",,,,,,,
00093-0226-05,Risvan,Risperidone,N05AX08,Antipsychotic Agents,NA,NA,"4,200","$85,000",$8.85,800,42,CA,The serum concentration of Risperidone can be increased when it is combined with Abametapir.,"Effective in schizophrenia symptoms, 60-70% responders in trials",11-08-2025,21-08-2025,DB00734,"['The risk or severity of CNS depression can be increased when Risperidone is combined with 1,2-Benzodiazepine.', 'Abaloparatide may increase the hypotensive activities of Risperidone.', 'The serum concentration of Risperidone can be increased when it is combined with Abametapir.', 'The metabolism of Risperidone can be increased when combined with Abatacept.', 'The metabolism of Risperidone can be decreased when combined with Abiraterone.']",,,,,,,
00093-0226-05,Risperidone,Risperidone,N05AX08,Antipsychotic Agents,AA,AA,"35,000","$210,000",$5.00,3500,45,CA,The metabolism of Risperidone can be decreased when combined with Abiraterone.,Manages symptoms of schizophrenia and bipolar disorder.,10-08-2025,21-08-2025,DB00734,"['The risk or severity of CNS depression can be increased when Risperidone is combined with 1,2-Benzodiazepine.', 'Abaloparatide may increase the hypotensive activities of Risperidone.', 'The serum concentration of Risperidone can be increased when it is combined with Abametapir.', 'The metabolism of Risperidone can be increased when combined with Abatacept.', 'The metabolism of Risperidone can be decreased when combined with Abiraterone.']",,,,,,,
50458-0300-06,Risperidal,Risperidone,N05AX08,Antipsychotic Agents,AA,AA,"12,000","$180,000",$10.00,1500,43,CA,"The risk or severity of CNS depression can be increased when Risperidone is combined with 1,2-Benzodiazepine.",First atypical antipsychotic with broad efficacy.,10-08-2025,21-08-2025,DB00734,"['The risk or severity of CNS depression can be increased when Risperidone is combined with 1,2-Benzodiazepine.', 'Abaloparatide may increase the hypotensive activities of Risperidone.', 'The serum concentration of Risperidone can be increased when it is combined with Abametapir.', 'The metabolism of Risperidone can be increased when combined with Abatacept.', 'The metabolism of Risperidone can be decreased when combined with Abiraterone.']",,,,,,,
65757-651-42,Lybalvi,Olanzapine,N05AH53,Antipsychotics,NA,NA,"3,100","$65,000",$7.00,775,31,TX,The risk or severity of adverse effects can be increased when Olanzapine is combined with Abaloparatide.,"Improved symptoms in schizophrenia, bipolar (over 60% responders in trials)",12-08-2025,21-08-2025,DB00334,"['The risk or severity of adverse effects can be increased when 1,2-Benzodiazepine is combined with Olanzapine.', 'The risk or severity of adverse effects can be increased when Olanzapine is combined with Abaloparatide.', 'The serum concentration of Olanzapine can be increased when it is combined with Abametapir.', 'The metabolism of Olanzapine can be increased when combined with Abatacept.', 'The serum concentration of Olanzapine can be increased when it is combined with Abiraterone.']",,,,,,,
00002-4117-60,Zyprexa,Olanzapine,N05AH53,Antipsychotics,AB,AB,"9,000","$135,000",$10.00,1125,40,TX,The metabolism of Olanzapine can be increased when combined with Abatacept.,Effective for psychosis and mood stabilization.,11-08-2025,21-08-2025,DB00334,"['The risk or severity of adverse effects can be increased when 1,2-Benzodiazepine is combined with Olanzapine.', 'The risk or severity of adverse effects can be increased when Olanzapine is combined with Abaloparatide.', 'The serum concentration of Olanzapine can be increased when it is combined with Abametapir.', 'The metabolism of Olanzapine can be increased when combined with Abatacept.', 'The serum concentration of Olanzapine can be increased when it is combined with Abiraterone.']",,,,,,,
00093-5762-60,Olanzapine,Olanzapine,N05AH53,Antipsychotics,AP,AP,"28,000","$168,000",$5.00,2800,41,TX,The serum concentration of Olanzapine can be increased when it is combined with Abiraterone.,Bioequivalent generic for schizophrenia and bipolar.,11-08-2025,21-08-2025,DB00334,"['The risk or severity of adverse effects can be increased when 1,2-Benzodiazepine is combined with Olanzapine.', 'The risk or severity of adverse effects can be increased when Olanzapine is combined with Abaloparatide.', 'The serum concentration of Olanzapine can be increased when it is combined with Abametapir.', 'The metabolism of Olanzapine can be increased when combined with Abatacept.', 'The serum concentration of Olanzapine can be increased when it is combined with Abiraterone.']",,,,,,,
89141-090-04,Zuplenz,Ondansetron,A04AA01,"Antiemetics, Serotonin 5-HT3 Receptor Antagonists",NA,NA,"5,500","$120,000",$16.67,720,55,FL,he serum concentration of Ondansetron can be increased when it is combined with Abametapir.',76% no emesis vs 46% placebo,13-08-2025,21-08-2025,DB00904,"['The risk or severity of CNS depression can be increased when Ondansetron is combined with 1,2-Benzodiazepine.', 'The serum concentration of Ondansetron can be increased when it is combined with Abametapir.', 'The metabolism of Ondansetron can be increased when combined with Abatacept.', 'The serum concentration of Ondansetron can be increased when it is combined with Abiraterone.', 'The metabolism of Abrocitinib can be decreased when combined with Ondansetron.']",,,,,,,
00093-7237-01,Ondansetron,Ondansetron,A04AA01,"Antiemetics, Serotonin 5-HT3 Receptor Antagonists",AB,AB,"45,000","$270,000",$5.00,4500,56,FL,The metabolism of Ondansetron can be increased when combined with Abatacept.,Prevents chemotherapy-induced nausea and vomiting.,12-08-2025,21-08-2025,DB00904,"['The risk or severity of CNS depression can be increased when Ondansetron is combined with 1,2-Benzodiazepine.', 'The serum concentration of Ondansetron can be increased when it is combined with Abametapir.', 'The metabolism of Ondansetron can be increased when combined with Abatacept.', 'The serum concentration of Ondansetron can be increased when it is combined with Abiraterone.', 'The metabolism of Abrocitinib can be decreased when combined with Ondansetron.']",,,,,,,
00173-0442-00,Zofran,Ondansetron,A04AA01,"Antiemetics, Serotonin 5-HT3 Receptor Antagonists",NA,NA,"15,000","$270,000",$12.00,1875,54,FL,The metabolism of Abrocitinib can be decreased when combined with Ondansetron.,Pioneering 5-HT3 antagonist for CINV.,12-08-2025,21-08-2025,DB00904,"['The risk or severity of CNS depression can be increased when Ondansetron is combined with 1,2-Benzodiazepine.', 'The serum concentration of Ondansetron can be increased when it is combined with Abametapir.', 'The metabolism of Ondansetron can be increased when combined with Abatacept.', 'The serum concentration of Ondansetron can be increased when it is combined with Abiraterone.', 'The metabolism of Abrocitinib can be decreased when combined with Ondansetron.']",,,,,,,
81520-101-10,Gimoti,Metoclopramide,A03FA01,"Prokinetic Agents, Dopamine D2 Receptor Antagonists",NA,NA,"5,000","$80,000",$13.33,500,50,NY,"The risk or severity of sedation can be increased when Metoclopramide is combined with 1,2-Benzodiazepine.",Symptom relief in ~70% of patients,14-08-2025,21-08-2025,DB01233,"['The risk or severity of sedation can be increased when Metoclopramide is combined with 1,2-Benzodiazepine.', 'Abacavir may decrease the excretion rate of Metoclopramide which could result in a higher serum level.', 'The serum concentration of Metoclopramide can be increased when it is combined with Abametapir.', 'The metabolism of Metoclopramide can be increased when combined with Abatacept.', 'The serum concentration of Metoclopramide can be increased when it is combined with Abiraterone.']",,,,,,,
00056-0602-01,Reglan,Metoclopramide,A03FA01,"Prokinetic Agents, Dopamine D2 Receptor Antagonists",AB,AB,"12,000","$72,000",$5.00,1200,52,NY,Abacavir may decrease the excretion rate of Metoclopramide which could result in a higher serum level.,"Treats gastroparesis, nausea, and GERD.",13-08-2025,21-08-2025,DB01233,"['The risk or severity of sedation can be increased when Metoclopramide is combined with 1,2-Benzodiazepine.', 'Abacavir may decrease the excretion rate of Metoclopramide which could result in a higher serum level.', 'The serum concentration of Metoclopramide can be increased when it is combined with Abametapir.', 'The metabolism of Metoclopramide can be increased when combined with Abatacept.', 'The serum concentration of Metoclopramide can be increased when it is combined with Abiraterone.']",,,,,,,
00093-2203-01,Metoclopramide,Metoclopramide,A03FA01,"Prokinetic Agents, Dopamine D2 Receptor Antagonists",AB,AB,"35,000","$126,000",$3.00,3500,53,NY,Abacavir may decrease the excretion rate of Metoclopramide which could result in a higher serum level.,Cost-effective generic for gastrointestinal motility.,13-08-2025,21-08-2025,DB01233,"['The risk or severity of sedation can be increased when Metoclopramide is combined with 1,2-Benzodiazepine.', 'Abacavir may decrease the excretion rate of Metoclopramide which could result in a higher serum level.', 'The serum concentration of Metoclopramide can be increased when it is combined with Abametapir.', 'The metabolism of Metoclopramide can be increased when combined with Abatacept.', 'The serum concentration of Metoclopramide can be increased when it is combined with Abiraterone.']",,,,,,,
0071-0155-23,Lipitor,Atorvastatin,C10AA05,"Hydroxymethylglutaryl-CoA Reductase Inhibitors, Hypolipidemic Agents",AB,AB,"6,300","$28,000",$0.20,"11,500",63,OH,The serum concentration of Atorvastatin can be increased when it is combined with Abametapir.',Reduced MI/stroke risk by 36%,15-08-2025,21-08-2025,DB01076,"['The serum concentration of Atorvastatin can be increased when it is combined with Abametapir.', 'The metabolism of Atorvastatin can be increased when combined with Abatacept.', 'The metabolism of Atorvastatin can be decreased when combined with Abiraterone.', 'The metabolism of Atorvastatin can be decreased when combined with Acalabrutinib.', 'The risk or severity of bleeding can be increased when Atorvastatin is combined with Acenocoumarol.']",,,,,,,
00310-0751-90,Crestor,Rosuvastatin,C10AA07,"Hydroxymethylglutaryl-CoA Reductase Inhibitors, Hypolipidemic Agents",AB,AB,"5,900","$35,000",$0.25,"11,600",59,GA,The metabolism of Rosuvastatin can be increased when combined with Abatacept.,LDL-C reduced ~50% at 20 mg,16-08-2025,21-08-2025,DB01098,"['The serum concentration of Rosuvastatin can be increased when it is combined with Abametapir.', 'The metabolism of Rosuvastatin can be increased when combined with Abatacept.', 'The metabolism of Abemaciclib can be decreased when combined with Rosuvastatin.', 'The metabolism of Abrocitinib can be decreased when combined with Rosuvastatin.', 'The metabolism of Acalabrutinib can be decreased when combined with Rosuvastatin.']",,,,,,,
70661-007-30,Lypqozet,Atorvastatin,C10AA05,"Hydroxymethylglutaryl-CoA Reductase Inhibitors, Hypolipidemic Agents",NA,NA,"1,500","$25,000",$1.15,"1,800",64,OH,The metabolism of Atorvastatin can be decreased when combined with Acalabrutinib.,Combination of atorvastatin and ezetimibe.,14-08-2025,21-08-2025,DB01076,"['The serum concentration of Atorvastatin can be increased when it is combined with Abametapir.', 'The metabolism of Atorvastatin can be increased when combined with Abatacept.', 'The metabolism of Atorvastatin can be decreased when combined with Abiraterone.', 'The metabolism of Atorvastatin can be decreased when combined with Acalabrutinib.', 'The risk or severity of bleeding can be increased when Atorvastatin is combined with Acenocoumarol.']",,,,,,,
00093-5056-01,Atorvastatin,Atorvastatin,C10AA05,"Hydroxymethylglutaryl-CoA Reductase Inhibitors, Hypolipidemic Agents",BX,BX,"95,000","$342,000",$0.15,"1,90,000",65,OH,The risk or severity of bleeding can be increased when Atorvastatin is combined with Acenocoumarol.,Data insufficient to determine bioequivalence.,14-08-2025,21-08-2025,DB01076,"['The serum concentration of Atorvastatin can be increased when it is combined with Abametapir.', 'The metabolism of Atorvastatin can be increased when combined with Abatacept.', 'The metabolism of Atorvastatin can be decreased when combined with Abiraterone.', 'The metabolism of Atorvastatin can be decreased when combined with Acalabrutinib.', 'The risk or severity of bleeding can be increased when Atorvastatin is combined with Acenocoumarol.']",,,,,,,
00006-0277-82,Januvia,Sitagliptin,A10BH01,"Blood Glucose Lowering Agents, DPP-IV Inhibitors",NA,NA,"5,500","$400,000",$40.00,833,55,TX,Abacavir may decrease the excretion rate of Sitagliptin which could result in a higher serum level.,A1C reduced ~0.7% monotherapy,17-08-2025,21-08-2025,DB01261,"['Abacavir may decrease the excretion rate of Sitagliptin which could result in a higher serum level.', 'The serum concentration of Sitagliptin can be increased when it is combined with Abametapir.', 'The metabolism of Sitagliptin can be increased when combined with Abatacept.', 'The serum concentration of Abemaciclib can be increased when it is combined with Sitagliptin.', 'The metabolism of Sitagliptin can be decreased when combined with Abiraterone.']",,,,,,,
00006-0577-82,Janumet,Sitagliptin,A10BH01,"Blood Glucose Lowering Agents, DPP-IV Inhibitors",NA,NA,"8,000","$576,000",$50.00,960,57,TX,The serum concentration of Sitagliptin can be increased when it is combined with Abametapir.,Combines sitagliptin and metformin.,16-08-2025,21-08-2025,DB01261,"['Abacavir may decrease the excretion rate of Sitagliptin which could result in a higher serum level.', 'The serum concentration of Sitagliptin can be increased when it is combined with Abametapir.', 'The metabolism of Sitagliptin can be increased when combined with Abatacept.', 'The serum concentration of Abemaciclib can be increased when it is combined with Sitagliptin.', 'The metabolism of Sitagliptin can be decreased when combined with Abiraterone.']",,,,,,,
70771-1860,Zituvimet,Sitagliptin,A10BH01,"Blood Glucose Lowering Agents, DPP-IV Inhibitors",NA,NA,"2,100","$126,000",$35.00,300,56,TX,The metabolism of Sitagliptin can be decreased when combined with Abiraterone.,Another brand of sitagliptin and metformin.,16-08-2025,21-08-2025,DB01261,"['Abacavir may decrease the excretion rate of Sitagliptin which could result in a higher serum level.', 'The serum concentration of Sitagliptin can be increased when it is combined with Abametapir.', 'The metabolism of Sitagliptin can be increased when combined with Abatacept.', 'The serum concentration of Abemaciclib can be increased when it is combined with Sitagliptin.', 'The metabolism of Sitagliptin can be decreased when combined with Abiraterone.']",,,,,,,
00173-0696-00,Advair,Salmeterol,R03AK06,"Adrenergic Agonists, Sympathomimetic (Adrenergic) Agents",NA,NA,"4,000","$50,000",$4.17,"1,000",40,PA,The risk or severity of hypertension can be increased when Salmeterol is combined with Aceclofenac.,Improved pre-dose FEV1 by 9%,18-08-2025,21-08-2025,DB00938,"['The serum concentration of Salmeterol can be increased when it is combined with Abametapir.', 'The metabolism of Salmeterol can be increased when combined with Abatacept.', 'The metabolism of Salmeterol can be decreased when combined with Acalabrutinib.', 'The therapeutic efficacy of Salmeterol can be decreased when used in combination with Acebutolol.', 'The risk or severity of hypertension can be increased when Salmeterol is combined with Aceclofenac.']",,,,,,,
00173-0521-00,Serevent,Salmeterol,R03AK06,"Adrenergic Agonists, Sympathomimetic (Adrenergic) Agents",NA,NA,"3,000","$45,000",$8.00,450,42,PA,The therapeutic efficacy of Salmeterol can be decreased when used in combination with Acebutolol.,Long-acting beta2-agonist for asthma/COPD.,17-08-2025,21-08-2025,DB00938,"['The serum concentration of Salmeterol can be increased when it is combined with Abametapir.', 'The metabolism of Salmeterol can be increased when combined with Abatacept.', 'The metabolism of Salmeterol can be decreased when combined with Acalabrutinib.', 'The therapeutic efficacy of Salmeterol can be decreased when used in combination with Acebutolol.', 'The risk or severity of hypertension can be increased when Salmeterol is combined with Aceclofenac.']",,,,,,,
0093-7517-31,Salmeterol,Salmeterol,R03AK06,"Adrenergic Agonists, Sympathomimetic (Adrenergic) Agents",AB,AB,"9,000","$72,000",$3.00,"2,000",45,PA,The serum concentration of Salmeterol can be increased when it is combined with Abametapir.,Generic long-acting bronchodilator.,17-08-2025,21-08-2025,DB00938,"['The serum concentration of Salmeterol can be increased when it is combined with Abametapir.', 'The metabolism of Salmeterol can be increased when combined with Abatacept.', 'The metabolism of Salmeterol can be decreased when combined with Acalabrutinib.', 'The therapeutic efficacy of Salmeterol can be decreased when used in combination with Acebutolol.', 'The risk or severity of hypertension can be increased when Salmeterol is combined with Aceclofenac.']",,,,,,,
00002-1433-80,Trulicity,Dulaglutide,A10BJ05,"Blood Glucose Lowering Agents, GLP-1 Agonists",NA,NA,"5,700","$1,200,000",$100.00,"1,000",57,CA,The risk or severity of adverse effects can be increased when Abciximab is combined with Dulaglutide.,HbA1c reduced ~1.4% vs placebo,19-08-2025,21-08-2025,DB09045,"['The risk or severity of adverse effects can be increased when Abciximab is combined with Dulaglutide.', 'The risk or severity of hypoglycemia can be increased when Acarbose is combined with Dulaglutide.', 'The therapeutic efficacy of Dulaglutide can be increased when used in combination with Acebutolol.', 'The therapeutic efficacy of Dulaglutide can be increased when used in combination with Acetazolamide.', 'Dulaglutide may increase the hypoglycemic activities of Acetohexamide.']",,,,,,,
0002-14-33,Dulaglutide,Dulaglutide,A10BJ05,"Blood Glucose Lowering Agents, GLP-1 Agonists",NA,NA,"12,000","$2,500,000",$105.00,"2,000",58,CA,Dulaglutide may increase the hypoglycemic activities of Acetohexamide.,Once-weekly GLP-1 agonist for type 2 diabetes.,18-08-2025,21-08-2025,DB09045,"['The risk or severity of adverse effects can be increased when Abciximab is combined with Dulaglutide.', 'The risk or severity of hypoglycemia can be increased when Acarbose is combined with Dulaglutide.', 'The therapeutic efficacy of Dulaglutide can be increased when used in combination with Acebutolol.', 'The therapeutic efficacy of Dulaglutide can be increased when used in combination with Acetazolamide.', 'Dulaglutide may increase the hypoglycemic activities of Acetohexamide.']",,,,,,,
00186-5020-31,Nexium,Esomeprazole,A02BC05,Proton Pump Inhibitors,AB,AB,"2,500","$120,000",$30.00,330,62,NY,The metabolism of Esomeprazole can be increased when combined with Abatacept,Combination of naproxen and esomeprazole.,19-08-2025,21-08-2025,DB00736,"['The serum concentration of Esomeprazole can be increased when it is combined with Abametapir.', 'The metabolism of Esomeprazole can be increased when combined with Abatacept.', 'The metabolism of Abrocitinib can be decreased when combined with Esomeprazole.', 'The metabolism of Acenocoumarol can be decreased when combined with Esomeprazole.', 'The excretion of Acyclovir can be decreased when combined with Esomeprazole.']",,,,,,,
75987-031-04,Vimovo,Esomeprazole,A02BC05,Proton Pump Inhibitors,NA,NA,"65,000","$780,000",$10.00,6500,58,NY,The metabolism of Acenocoumarol can be decreased when combined with Esomeprazole.,Generic PPI for acid-related disorders.,19-08-2025,21-08-2025,DB00736,"['The serum concentration of Esomeprazole can be increased when it is combined with Abametapir.', 'The metabolism of Esomeprazole can be increased when combined with Abatacept.', 'The metabolism of Abrocitinib can be decreased when combined with Esomeprazole.', 'The metabolism of Acenocoumarol can be decreased when combined with Esomeprazole.', 'The excretion of Acyclovir can be decreased when combined with Esomeprazole.']",,,,,,,
00093-7350-01,Esomeprazole,Esomeprazole,A02BC05,Proton Pump Inhibitors,AP,AP,"7,000","$850,000",$83.33,850,70,FL,The serum concentration of Esomeprazole can be increased when it is combined with Abametapir.,"Prevents thrombosis, reduces VTE recurrence",20-08-2025,21-08-2025,DB00736,"['The serum concentration of Esomeprazole can be increased when it is combined with Abametapir.', 'The metabolism of Esomeprazole can be increased when combined with Abatacept.', 'The metabolism of Abrocitinib can be decreased when combined with Esomeprazole.', 'The metabolism of Acenocoumarol can be decreased when combined with Esomeprazole.', 'The excretion of Acyclovir can be decreased when combined with Esomeprazole.']",,,,,,,
50458-0580-30,Xarelto,Rivaroxaban,B01AF01,"Anticoagulants, Direct factor Xa inhibitors, Factor Xa Inhibitors",AB,AB,"9,000","$756,000",$50.00,1260,68,FL,Abacavir may decrease the excretion rate of Rivaroxaban which could result in a higher serum level.,Generic direct oral anticoagulant (DOAC).,19-08-2025,21-08-2025,DB06228,"['Abacavir may decrease the excretion rate of Rivaroxaban which could result in a higher serum level.', 'The serum concentration of Rivaroxaban can be increased when it is combined with Abametapir.', 'The metabolism of Rivaroxaban can be increased when combined with Abatacept.', 'Abciximab may increase the anticoagulant activities of Rivaroxaban.', 'Abemaciclib may decrease the excretion rate of Rivaroxaban which could result in a higher serum level.']",,,,,,,
50458-0580-30,Rivaroxaban,Rivaroxaban,B01AF01,"Anticoagulants, Direct factor Xa inhibitors, Factor Xa Inhibitors",AB,AB,"6,300","$120,000",$12.50,800,63,TX,The metabolism of Rivaroxaban can be increased when combined with Abatacept.,"Improves depression, reduces OCD, controls bulimia, reduces panic",21-08-2025,21-08-2025,DB06228,"['Abacavir may decrease the excretion rate of Rivaroxaban which could result in a higher serum level.', 'The serum concentration of Rivaroxaban can be increased when it is combined with Abametapir.', 'The metabolism of Rivaroxaban can be increased when combined with Abatacept.', 'Abciximab may increase the anticoagulant activities of Rivaroxaban.', 'Abemaciclib may decrease the excretion rate of Rivaroxaban which could result in a higher serum level.']",,,,,,,
00002-4006-30,Prozac,Fluoxetine,N06AB03,"Antidepressants Agents, Serotonin Modulators, Selective Serotonin Reuptake Inhibitors
",AB,AB,"85,000","$816,000",$8.00,8500,55,TX,"The serum concentration of 1,2-Benzodiazepine can be increased when it is combined with Fluoxetine.",Widely prescribed generic SSRI for depression.,20-08-2025,21-08-2025,DB00472,"['The serum concentration of 1,2-Benzodiazepine can be increased when it is combined with Fluoxetine.', 'The serum concentration of Fluoxetine can be increased when it is combined with Abametapir.', 'The metabolism of Fluoxetine can be increased when combined with Abatacept.', 'The risk or severity of hemorrhage can be increased when Fluoxetine is combined with Abciximab.', 'The metabolism of Abemaciclib can be decreased when combined with Fluoxetine.']",,,,,,,
00093-7198-56,Fluoxetine,Fluoxetine,N06AB03,"Antidepressants Agents, Serotonin Modulators, Selective Serotonin Reuptake Inhibitors",AB,AB,"2,800","$95,000",$22.00,320,51,TX,The serum concentration of Fluoxetine can be increased when it is combined with Abametapir.,Combination of olanzapine and fluoxetine.,20-08-2025,21-08-2025,DB00472,"['The serum concentration of 1,2-Benzodiazepine can be increased when it is combined with Fluoxetine.', 'The serum concentration of Fluoxetine can be increased when it is combined with Abametapir.', 'The metabolism of Fluoxetine can be increased when combined with Abatacept.', 'The risk or severity of hemorrhage can be increased when Fluoxetine is combined with Abciximab.', 'The metabolism of Abemaciclib can be decreased when combined with Fluoxetine.']",,,,,,,
00002-3231-30,Symbyax,Fluoxetine,N06AB03,"Antidepressants Agents, Serotonin Modulators, Selective Serotonin Reuptake Inhibitors",NA,NA,"6,400","$1,500,000",$130.21,960,64,CA,The metabolism of Abemaciclib can be decreased when combined with Fluoxetine.,reduces exacerbations by ~14%,21-08-2025,21-08-2025,DB00472,"['The serum concentration of 1,2-Benzodiazepine can be increased when it is combined with Fluoxetine.', 'The serum concentration of Fluoxetine can be increased when it is combined with Abametapir.', 'The metabolism of Fluoxetine can be increased when combined with Abatacept.', 'The risk or severity of hemorrhage can be increased when Fluoxetine is combined with Abciximab.', 'The metabolism of Abemaciclib can be decreased when combined with Fluoxetine.']",,,,,,,
00597-0075-41,Spiriva,Tiotropium,R03BB04,"Anticholinergic Agents, Antimuscarinics Antispasmodics",NA,NA,"8,500","$1,275,000",$90.00,1200,66,CA,Abacavir may decrease the excretion rate of Tiotropium which could result in a higher serum level.,First generic dry powder inhaler for COPD.,20-08-2025,21-08-2025,DB01409,"['Abacavir may decrease the excretion rate of Tiotropium which could result in a higher serum level.', 'The serum concentration of Tiotropium can be increased when it is combined with Abametapir.', 'The metabolism of Tiotropium can be increased when combined with Abatacept.', 'The metabolism of Tiotropium can be decreased when combined with Abiraterone.', 'The metabolism of Tiotropium can be decreased when combined with Acebutolol.']",,,,,,,
00597-0075-41,TIOTROPIUM BROMIDE,Tiotropium,R03BB04,"Anticholinergic Agents, Antimuscarinics Antispasmodics",AB,AB,"4,500","$1,200,000",$150.00,650,65,CA,The serum concentration of Tiotropium can be increased when it is combined with Abametapir.,Soft mist inhaler for easier use.,20-08-2025,21-08-2025,DB01409,"['Abacavir may decrease the excretion rate of Tiotropium which could result in a higher serum level.', 'The serum concentration of Tiotropium can be increased when it is combined with Abametapir.', 'The metabolism of Tiotropium can be increased when combined with Abatacept.', 'The metabolism of Tiotropium can be decreased when combined with Abiraterone.', 'The metabolism of Tiotropium can be decreased when combined with Acebutolol.']",,,,,,,
00597-0160-61,SPIRIVA RESPIMAT,Tiotropium,R03BB04,"Anticholinergic Agents, Antimuscarinics Antispasmodics",NA,NA,"9,500","$114,000",$10.00,950,63,CA,The metabolism of Tiotropium can be decreased when combined with Abiraterone.,"Lowers blood pressure, reduces angina symptoms",18-08-2025,21-08-2025,DB01409,"['Abacavir may decrease the excretion rate of Tiotropium which could result in a higher serum level.', 'The serum concentration of Tiotropium can be increased when it is combined with Abametapir.', 'The metabolism of Tiotropium can be increased when combined with Abatacept.', 'The metabolism of Tiotropium can be decreased when combined with Abiraterone.', 'The metabolism of Tiotropium can be decreased when combined with Acebutolol.']",,,,,,,
00088-1771-47,Cardizem CD,Diltiazem,C08DB01,"Antihypertensive Agents, Calcium Channel Blockers",AB3,AB4,11000,"$99,000",$7.50,1100,62,CA,"The metabolism of 1,2-Benzodiazepine can be decreased when combined with Diltiazem.","Reduces angina, arrhythmias, lowers blood pressure",17-08-2025,21-08-2025,DB00343,"['The metabolism of 1,2-Benzodiazepine can be decreased when combined with Diltiazem.', 'The risk or severity of adverse effects can be increased when Diltiazem is combined with Abaloparatide.', 'The serum concentration of Diltiazem can be increased when it is combined with Abametapir.', 'The metabolism of Diltiazem can be increased when combined with Abatacept.', 'The metabolism of Abemaciclib can be decreased when combined with Diltiazem.']",,,,,,,
00093-3043-01,Verapamil Hydrochloride,Verapamil,C08DA01,"Antihypertensive Agents, Calcium Channel Blockers",AB,AB,4000,"$52,000",$10.00,430,65,CA,The metabolism of Verapamil can be increased when combined with Abatacept.',Extended-release formulation for hypertension.,17-08-2025,21-08-2025,DB00661,"['The metabolism of 1,2-Benzodiazepine can be decreased when combined with Verapamil.', 'Verapamil may decrease the excretion rate of Abacavir which could result in a higher serum level.', 'The risk or severity of adverse effects can be increased when Verapamil is combined with Abaloparatide.', 'The serum concentration of Verapamil can be increased when it is combined with Abametapir.', 'The metabolism of Verapamil can be increased when combined with Abatacept.']",,,,,,,
00955-0602-10,VERELAN,Verapamil,C08DA01,"Antihypertensive Agents, Calcium Channel Blockers",AB,AB,,,,,,,,,,,DB00661,"['The metabolism of 1,2-Benzodiazepine can be decreased when combined with Verapamil.', 'Verapamil may decrease the excretion rate of Abacavir which could result in a higher serum level.', 'The risk or severity of adverse effects can be increased when Verapamil is combined with Abaloparatide.', 'The serum concentration of Verapamil can be increased when it is combined with Abametapir.', 'The metabolism of Verapamil can be increased when combined with Abatacept.']",,,,,,,
